index, 0, 1, 2, 3, 4, 5, 6, 7, 8, 9, 10, 11, 12, 13, 14, 15, 16, 17, 18, 19, 20, 21, 22, 23, 24, 25, 26, 27, 28, 29, 30, 31, 32, 33, 34, 35, 36, 37, 38, 39, 40, 41, 42, 43, 44, 45, 46, 47, 48, 49, 50, 51, 52, 53, 54, 55, 56, 57, 58, 59, 
ve30vtd17active/ate87atl10apl10/sq90sqg25sqtd10sql7, 0, 15, 0, 0, 1, 3, 2, 1, 1, 1, 1, 0, 1, 1, 0, 1, 1, 1, 0, 1, 1, 2, 2, 2, 5, 7, 7, 10, 14, 19, 21, 24, 30, 31, 34, 40, 43, 39, 38, 37, 35, 34, 32, 29, 30, 29, 26, 26, 25, 24, 24, 0, 0, 1, 0, 0, 0, 0, 0, 0, 
ve30vtd38active/ate87atl10apl10/sq90sqg25sqtd10sql7, 0, 15, 0, 0, 1, 2, 1, 2, 2, 1, 2, 2, 1, 1, 1, 1, 1, 1, 1, 1, 0, 1, 1, 3, 4, 3, 6, 7, 11, 12, 18, 20, 21, 28, 29, 33, 36, 38, 36, 28, 38, 34, 27, 24, 28, 23, 24, 21, 17, 19, 22, 0, 0, 0, 0, 0, 0, 0, 0, 0, 
ve70vtd17active/ate87atl10apl10/sq90sqg25sqtd10sql7, 0, 15, 0, 0, 2, 1, 2, 2, 1, 1, 1, 1, 0, 0, 0, 1, 1, 0, 1, 0, 1, 0, 2, 2, 1, 2, 4, 5, 7, 10, 10, 13, 16, 16, 18, 20, 26, 24, 31, 28, 28, 38, 32, 36, 33, 32, 27, 24, 25, 22, 19, 0, 0, 0, 0, 0, 0, 0, 0, 0, 
ve70vtd38active/ate87atl10apl10/sq90sqg25sqtd10sql7, 0, 15, 0, 0, 1, 2, 2, 1, 2, 2, 1, 0, 1, 1, 2, 1, 0, 2, 1, 0, 1, 1, 2, 1, 2, 3, 5, 7, 12, 14, 18, 20, 26, 32, 38, 37, 40, 49, 46, 38, 43, 37, 39, 35, 33, 29, 25, 25, 19, 19, 0, 0, 0, 0, 0, 0, 0, 0, 0, 0, 
ve30vtd17allonpost/ate87atl10apl10/sq90sqg25sqtd10sql7, 0, 15, 0, 0, 1, 2, 2, 3, 2, 1, 2, 1, 1, 1, 0, 1, 1, 1, 1, 1, 1, 3, 2, 4, 4, 5, 8, 14, 15, 19, 28, 31, 38, 43, 35, 43, 40, 41, 41, 36, 41, 33, 33, 31, 40, 31, 31, 27, 29, 27, 19, 0, 0, 0, 1, 0, 0, 0, 0, 0, 
ve30vtd38allonpost/ate87atl10apl10/sq90sqg25sqtd10sql7, 0, 15, 0, 0, 1, 1, 1, 1, 2, 1, 1, 0, 0, 1, 0, 0, 0, 0, 0, 0, 1, 0, 1, 1, 0, 1, 2, 2, 3, 4, 5, 8, 8, 14, 21, 21, 25, 31, 37, 43, 45, 44, 50, 55, 51, 47, 41, 41, 37, 37, 35, 0, 0, 0, 0, 1, 0, 0, 0, 0, 
ve70vtd17allonpost/ate87atl10apl10/sq90sqg25sqtd10sql7, 0, 15, 0, 0, 1, 2, 2, 2, 2, 1, 1, 0, 1, 0, 1, 1, 0, 1, 0, 1, 1, 1, 0, 1, 1, 2, 2, 4, 5, 6, 10, 11, 15, 20, 21, 25, 23, 28, 30, 31, 32, 36, 33, 36, 36, 34, 45, 39, 40, 39, 37, 0, 0, 0, 0, 0, 1, 0, 0, 0, 
ve70vtd38allonpost/ate87atl10apl10/sq90sqg25sqtd10sql7, 0, 15, 0, 0, 1, 3, 1, 2, 2, 2, 2, 1, 0, 2, 0, 1, 1, 0, 0, 1, 1, 1, 1, 1, 3, 2, 4, 7, 9, 12, 16, 18, 26, 25, 34, 40, 38, 42, 49, 51, 46, 47, 44, 42, 38, 37, 36, 35, 33, 26, 22, 0, 0, 0, 0, 0, 0, 0, 0, 0, 
ve30vtd17milworkers/ate87atl10apl10/sq90sqg25sqtd10sql7, 0, 15, 0, 0, 1, 3, 2, 1, 1, 1, 1, 0, 1, 1, 0, 1, 1, 1, 0, 1, 1, 2, 2, 2, 5, 7, 7, 10, 14, 19, 21, 24, 30, 31, 34, 40, 43, 39, 38, 37, 35, 34, 32, 29, 30, 29, 26, 26, 25, 24, 24, 0, 0, 1, 0, 0, 0, 0, 0, 0, 
ve30vtd38milworkers/ate87atl10apl10/sq90sqg25sqtd10sql7, 0, 15, 0, 0, 1, 2, 1, 2, 2, 1, 2, 2, 1, 1, 1, 1, 1, 1, 1, 1, 0, 1, 1, 3, 4, 3, 6, 7, 11, 12, 18, 20, 21, 28, 29, 33, 36, 38, 36, 28, 38, 34, 27, 24, 28, 23, 24, 21, 17, 19, 22, 0, 0, 0, 0, 0, 0, 0, 0, 0, 
ve70vtd17milworkers/ate87atl10apl10/sq90sqg25sqtd10sql7, 0, 15, 0, 0, 2, 1, 2, 2, 1, 1, 1, 1, 0, 0, 0, 1, 1, 0, 1, 0, 1, 0, 2, 2, 1, 2, 4, 5, 7, 10, 10, 13, 16, 16, 18, 20, 26, 24, 31, 28, 28, 38, 32, 36, 33, 32, 27, 24, 25, 22, 19, 0, 0, 0, 0, 0, 0, 0, 0, 0, 
ve70vtd38milworkers/ate87atl10apl10/sq90sqg25sqtd10sql7, 0, 15, 0, 0, 1, 2, 2, 1, 2, 2, 1, 0, 1, 1, 2, 1, 0, 2, 1, 0, 1, 1, 2, 1, 2, 3, 5, 7, 12, 14, 18, 20, 26, 32, 38, 37, 40, 49, 46, 38, 43, 37, 39, 35, 33, 29, 25, 25, 19, 19, 0, 0, 0, 0, 0, 0, 0, 0, 0, 0, 
ve30vtd17active/ate87atl30apl10/sq90sqg25sqtd10sql7, 0, 15, 0, 0, 1, 3, 2, 1, 1, 1, 1, 0, 1, 1, 0, 1, 1, 1, 0, 1, 1, 2, 2, 2, 5, 7, 7, 10, 14, 19, 21, 24, 30, 31, 34, 40, 43, 39, 38, 37, 35, 34, 32, 29, 30, 29, 26, 26, 25, 24, 24, 0, 0, 1, 0, 0, 0, 0, 0, 0, 
ve30vtd38active/ate87atl30apl10/sq90sqg25sqtd10sql7, 0, 15, 0, 0, 1, 2, 1, 2, 2, 1, 2, 2, 1, 1, 1, 1, 1, 1, 1, 1, 0, 1, 1, 3, 4, 3, 6, 7, 11, 12, 18, 20, 21, 28, 29, 33, 36, 38, 36, 28, 38, 34, 27, 24, 28, 23, 24, 21, 17, 19, 22, 0, 0, 0, 0, 0, 0, 0, 0, 0, 
ve70vtd17active/ate87atl30apl10/sq90sqg25sqtd10sql7, 0, 15, 0, 0, 2, 1, 2, 2, 1, 1, 1, 1, 0, 0, 0, 1, 1, 0, 1, 0, 1, 0, 2, 2, 1, 2, 4, 5, 7, 10, 10, 13, 16, 16, 18, 20, 26, 24, 31, 28, 28, 38, 32, 36, 33, 32, 27, 24, 25, 22, 19, 0, 0, 0, 0, 0, 0, 0, 0, 0, 
ve70vtd38active/ate87atl30apl10/sq90sqg25sqtd10sql7, 0, 15, 0, 0, 1, 2, 2, 1, 2, 2, 1, 0, 1, 1, 2, 1, 0, 2, 1, 0, 1, 1, 2, 1, 2, 3, 5, 7, 12, 14, 18, 20, 26, 32, 38, 37, 40, 49, 46, 38, 43, 37, 39, 35, 33, 29, 25, 25, 19, 19, 0, 0, 0, 0, 0, 0, 0, 0, 0, 0, 
ve30vtd17allonpost/ate87atl30apl10/sq90sqg25sqtd10sql7, 0, 15, 0, 0, 1, 2, 2, 3, 2, 1, 2, 1, 1, 1, 0, 1, 1, 1, 1, 1, 1, 3, 2, 4, 4, 5, 8, 14, 15, 19, 28, 31, 38, 43, 35, 43, 40, 41, 41, 36, 41, 33, 33, 31, 40, 31, 31, 27, 29, 27, 19, 0, 0, 0, 1, 0, 0, 0, 0, 0, 
ve30vtd38allonpost/ate87atl30apl10/sq90sqg25sqtd10sql7, 0, 15, 0, 0, 1, 1, 1, 1, 2, 1, 1, 0, 0, 1, 0, 0, 0, 0, 0, 0, 1, 0, 1, 1, 0, 1, 2, 2, 3, 4, 5, 8, 8, 14, 21, 21, 25, 31, 37, 43, 45, 44, 50, 55, 51, 47, 41, 41, 37, 37, 35, 0, 0, 0, 0, 1, 0, 0, 0, 0, 
ve70vtd17allonpost/ate87atl30apl10/sq90sqg25sqtd10sql7, 0, 15, 0, 0, 1, 2, 2, 2, 2, 1, 1, 0, 1, 0, 1, 1, 0, 1, 0, 1, 1, 1, 0, 1, 1, 2, 2, 4, 5, 6, 10, 11, 15, 20, 21, 25, 23, 28, 30, 31, 32, 36, 33, 36, 36, 34, 45, 39, 40, 39, 37, 0, 0, 0, 0, 0, 1, 0, 0, 0, 
ve70vtd38allonpost/ate87atl30apl10/sq90sqg25sqtd10sql7, 0, 15, 0, 0, 1, 3, 1, 2, 2, 2, 2, 1, 0, 2, 0, 1, 1, 0, 0, 1, 1, 1, 1, 1, 3, 2, 4, 7, 9, 12, 16, 18, 26, 25, 34, 40, 38, 42, 49, 51, 46, 47, 44, 42, 38, 37, 36, 35, 33, 26, 22, 0, 0, 0, 0, 0, 0, 0, 0, 0, 
ve30vtd17milworkers/ate87atl30apl10/sq90sqg25sqtd10sql7, 0, 15, 0, 0, 1, 3, 2, 1, 1, 1, 1, 0, 1, 1, 0, 1, 1, 1, 0, 1, 1, 2, 2, 2, 5, 7, 7, 10, 14, 19, 21, 24, 30, 31, 34, 40, 43, 39, 38, 37, 35, 34, 32, 29, 30, 29, 26, 26, 25, 24, 24, 0, 0, 1, 0, 0, 0, 0, 0, 0, 
ve30vtd38milworkers/ate87atl30apl10/sq90sqg25sqtd10sql7, 0, 15, 0, 0, 1, 2, 1, 2, 2, 1, 2, 2, 1, 1, 1, 1, 1, 1, 1, 1, 0, 1, 1, 3, 4, 3, 6, 7, 11, 12, 18, 20, 21, 28, 29, 33, 36, 38, 36, 28, 38, 34, 27, 24, 28, 23, 24, 21, 17, 19, 22, 0, 0, 0, 0, 0, 0, 0, 0, 0, 
ve70vtd17milworkers/ate87atl30apl10/sq90sqg25sqtd10sql7, 0, 15, 0, 0, 2, 1, 2, 2, 1, 1, 1, 1, 0, 0, 0, 1, 1, 0, 1, 0, 1, 0, 2, 2, 1, 2, 4, 5, 7, 10, 10, 13, 16, 16, 18, 20, 26, 24, 31, 28, 28, 38, 32, 36, 33, 32, 27, 24, 25, 22, 19, 0, 0, 0, 0, 0, 0, 0, 0, 0, 
ve70vtd38milworkers/ate87atl30apl10/sq90sqg25sqtd10sql7, 0, 15, 0, 0, 1, 2, 2, 1, 2, 2, 1, 0, 1, 1, 2, 1, 0, 2, 1, 0, 1, 1, 2, 1, 2, 3, 5, 7, 12, 14, 18, 20, 26, 32, 38, 37, 40, 49, 46, 38, 43, 37, 39, 35, 33, 29, 25, 25, 19, 19, 0, 0, 0, 0, 0, 0, 0, 0, 0, 0, 
ve30vtd17active/ate25atl10apl10/sq90sqg25sqtd10sql7, 0, 15, 0, 0, 1, 2, 4, 2, 2, 1, 3, 2, 1, 0, 0, 1, 1, 0, 1, 1, 1, 1, 2, 4, 2, 4, 5, 7, 9, 13, 13, 22, 21, 30, 31, 40, 41, 46, 43, 43, 46, 45, 40, 36, 35, 32, 32, 30, 22, 23, 18, 0, 0, 0, 0, 0, 0, 0, 0, 0, 
ve30vtd38active/ate25atl10apl10/sq90sqg25sqtd10sql7, 0, 15, 0, 1, 2, 1, 3, 2, 1, 1, 2, 1, 0, 1, 1, 2, 1, 1, 2, 1, 1, 2, 3, 3, 6, 5, 8, 7, 11, 13, 18, 23, 32, 25, 37, 38, 38, 38, 43, 39, 43, 48, 48, 37, 37, 36, 33, 29, 24, 24, 19, 0, 0, 0, 0, 0, 0, 0, 0, 0, 
ve70vtd17active/ate25atl10apl10/sq90sqg25sqtd10sql7, 0, 15, 0, 0, 2, 3, 2, 3, 2, 2, 2, 1, 2, 1, 1, 1, 1, 1, 1, 1, 1, 2, 2, 3, 3, 4, 6, 6, 11, 12, 16, 15, 20, 22, 34, 32, 33, 36, 40, 39, 38, 37, 38, 38, 28, 28, 29, 21, 20, 18, 17, 0, 0, 0, 0, 0, 0, 0, 0, 0, 
ve70vtd38active/ate25atl10apl10/sq90sqg25sqtd10sql7, 0, 15, 0, 1, 3, 2, 2, 2, 2, 2, 1, 1, 1, 1, 2, 1, 1, 1, 2, 1, 2, 2, 2, 1, 2, 4, 5, 6, 7, 11, 15, 23, 24, 31, 34, 39, 42, 43, 41, 37, 39, 43, 36, 35, 32, 28, 25, 24, 25, 18, 16, 0, 0, 0, 0, 0, 0, 0, 0, 0, 
ve30vtd17allonpost/ate25atl10apl10/sq90sqg25sqtd10sql7, 0, 15, 0, 1, 1, 1, 2, 3, 3, 2, 2, 1, 1, 2, 2, 1, 1, 3, 1, 1, 3, 1, 6, 3, 3, 10, 12, 13, 17, 22, 23, 29, 30, 37, 39, 50, 51, 53, 55, 45, 50, 48, 37, 42, 33, 30, 30, 22, 24, 22, 17, 0, 0, 0, 0, 0, 0, 0, 0, 0, 
ve30vtd38allonpost/ate25atl10apl10/sq90sqg25sqtd10sql7, 0, 15, 0, 0, 1, 1, 2, 1, 2, 1, 0, 0, 1, 1, 1, 1, 1, 1, 0, 1, 1, 1, 1, 2, 2, 4, 5, 9, 9, 16, 20, 25, 29, 37, 41, 52, 53, 56, 62, 53, 49, 44, 39, 39, 35, 32, 31, 26, 24, 18, 20, 1, 0, 0, 0, 0, 0, 0, 0, 0, 
ve70vtd17allonpost/ate25atl10apl10/sq90sqg25sqtd10sql7, 0, 15, 0, 0, 2, 2, 2, 3, 4, 1, 1, 1, 1, 1, 0, 1, 1, 0, 0, 1, 1, 2, 1, 2, 3, 4, 6, 8, 11, 17, 17, 28, 30, 37, 41, 49, 48, 51, 52, 59, 47, 48, 44, 45, 37, 34, 27, 28, 23, 20, 20, 1, 0, 0, 0, 0, 0, 0, 0, 0, 
ve70vtd38allonpost/ate25atl10apl10/sq90sqg25sqtd10sql7, 0, 15, 0, 1, 1, 2, 2, 1, 2, 1, 2, 0, 1, 0, 1, 1, 2, 1, 2, 1, 2, 4, 3, 4, 6, 8, 13, 14, 16, 31, 36, 42, 48, 51, 59, 56, 57, 54, 56, 51, 46, 39, 40, 26, 26, 26, 22, 18, 16, 20, 14, 0, 0, 0, 0, 0, 0, 0, 0, 0, 
ve30vtd17milworkers/ate25atl10apl10/sq90sqg25sqtd10sql7, 0, 15, 0, 0, 1, 2, 4, 2, 2, 1, 3, 2, 1, 0, 0, 1, 1, 0, 1, 1, 1, 1, 2, 4, 2, 4, 5, 7, 9, 13, 13, 22, 21, 30, 31, 40, 41, 46, 43, 43, 46, 45, 40, 36, 35, 32, 32, 30, 22, 23, 18, 0, 0, 0, 0, 0, 0, 0, 0, 0, 
ve30vtd38milworkers/ate25atl10apl10/sq90sqg25sqtd10sql7, 0, 15, 0, 1, 2, 1, 3, 2, 1, 1, 2, 1, 0, 1, 1, 2, 1, 1, 2, 1, 1, 2, 3, 3, 6, 5, 8, 7, 11, 13, 18, 23, 32, 25, 37, 38, 38, 38, 43, 39, 43, 48, 48, 37, 37, 36, 33, 29, 24, 24, 19, 0, 0, 0, 0, 0, 0, 0, 0, 0, 
ve70vtd17milworkers/ate25atl10apl10/sq90sqg25sqtd10sql7, 0, 15, 0, 0, 2, 3, 2, 3, 2, 2, 2, 1, 2, 1, 1, 1, 1, 1, 1, 1, 1, 2, 2, 3, 3, 4, 6, 6, 11, 12, 16, 15, 20, 22, 34, 32, 33, 36, 40, 39, 38, 37, 38, 38, 28, 28, 29, 21, 20, 18, 17, 0, 0, 0, 0, 0, 0, 0, 0, 0, 
ve70vtd38milworkers/ate25atl10apl10/sq90sqg25sqtd10sql7, 0, 15, 0, 1, 3, 2, 2, 2, 2, 2, 1, 1, 1, 1, 2, 1, 1, 1, 2, 1, 2, 2, 2, 1, 2, 4, 5, 6, 7, 11, 15, 23, 24, 31, 34, 39, 42, 43, 41, 37, 39, 43, 36, 35, 32, 28, 25, 24, 25, 18, 16, 0, 0, 0, 0, 0, 0, 0, 0, 0, 
ve30vtd17active/ate25atl30apl10/sq90sqg25sqtd10sql7, 0, 15, 0, 0, 1, 2, 4, 2, 2, 1, 3, 2, 1, 0, 0, 1, 1, 0, 1, 1, 1, 1, 2, 4, 2, 4, 5, 7, 9, 13, 13, 22, 21, 30, 31, 40, 41, 46, 43, 43, 46, 45, 40, 36, 35, 32, 32, 30, 22, 23, 18, 0, 0, 0, 0, 0, 0, 0, 0, 0, 
ve30vtd38active/ate25atl30apl10/sq90sqg25sqtd10sql7, 0, 15, 0, 1, 2, 1, 3, 2, 1, 1, 2, 1, 0, 1, 1, 2, 1, 1, 2, 1, 1, 2, 3, 3, 6, 5, 8, 7, 11, 13, 18, 23, 32, 25, 37, 38, 38, 38, 43, 39, 43, 48, 48, 37, 37, 36, 33, 29, 24, 24, 19, 0, 0, 0, 0, 0, 0, 0, 0, 0, 
ve70vtd17active/ate25atl30apl10/sq90sqg25sqtd10sql7, 0, 15, 0, 0, 2, 3, 2, 3, 2, 2, 2, 1, 2, 1, 1, 1, 1, 1, 1, 1, 1, 2, 2, 3, 3, 4, 6, 6, 11, 12, 16, 15, 20, 22, 34, 32, 33, 36, 40, 39, 38, 37, 38, 38, 28, 28, 29, 21, 20, 18, 17, 0, 0, 0, 0, 0, 0, 0, 0, 0, 
ve70vtd38active/ate25atl30apl10/sq90sqg25sqtd10sql7, 0, 15, 0, 1, 3, 2, 2, 2, 2, 2, 1, 1, 1, 1, 2, 1, 1, 1, 2, 1, 2, 2, 2, 1, 2, 4, 5, 6, 7, 11, 15, 23, 24, 31, 34, 39, 42, 43, 41, 37, 39, 43, 36, 35, 32, 28, 25, 24, 25, 18, 16, 0, 0, 0, 0, 0, 0, 0, 0, 0, 
ve30vtd17allonpost/ate25atl30apl10/sq90sqg25sqtd10sql7, 0, 15, 0, 1, 1, 1, 2, 3, 3, 2, 2, 1, 1, 2, 2, 1, 1, 3, 1, 1, 3, 1, 6, 3, 3, 10, 12, 13, 17, 22, 23, 29, 30, 37, 39, 50, 51, 53, 55, 45, 50, 48, 37, 42, 33, 30, 30, 22, 24, 22, 17, 0, 0, 0, 0, 0, 0, 0, 0, 0, 
ve30vtd38allonpost/ate25atl30apl10/sq90sqg25sqtd10sql7, 0, 15, 0, 0, 1, 1, 2, 1, 2, 1, 0, 0, 1, 1, 1, 1, 1, 1, 0, 1, 1, 1, 1, 2, 2, 4, 5, 9, 9, 16, 20, 25, 29, 37, 41, 52, 53, 56, 62, 53, 49, 44, 39, 39, 35, 32, 31, 26, 24, 18, 20, 1, 0, 0, 0, 0, 0, 0, 0, 0, 
ve70vtd17allonpost/ate25atl30apl10/sq90sqg25sqtd10sql7, 0, 15, 0, 0, 2, 2, 2, 3, 4, 1, 1, 1, 1, 1, 0, 1, 1, 0, 0, 1, 1, 2, 1, 2, 3, 4, 6, 8, 11, 17, 17, 28, 30, 37, 41, 49, 48, 51, 52, 59, 47, 48, 44, 45, 37, 34, 27, 28, 23, 20, 20, 1, 0, 0, 0, 0, 0, 0, 0, 0, 
ve70vtd38allonpost/ate25atl30apl10/sq90sqg25sqtd10sql7, 0, 15, 0, 1, 1, 2, 2, 1, 2, 1, 2, 0, 1, 0, 1, 1, 2, 1, 2, 1, 2, 4, 3, 4, 6, 8, 13, 14, 16, 31, 36, 42, 48, 51, 59, 56, 57, 54, 56, 51, 46, 39, 40, 26, 26, 26, 22, 18, 16, 20, 14, 0, 0, 0, 0, 0, 0, 0, 0, 0, 
ve30vtd17milworkers/ate25atl30apl10/sq90sqg25sqtd10sql7, 0, 15, 0, 0, 1, 2, 4, 2, 2, 1, 3, 2, 1, 0, 0, 1, 1, 0, 1, 1, 1, 1, 2, 4, 2, 4, 5, 7, 9, 13, 13, 22, 21, 30, 31, 40, 41, 46, 43, 43, 46, 45, 40, 36, 35, 32, 32, 30, 22, 23, 18, 0, 0, 0, 0, 0, 0, 0, 0, 0, 
ve30vtd38milworkers/ate25atl30apl10/sq90sqg25sqtd10sql7, 0, 15, 0, 1, 2, 1, 3, 2, 1, 1, 2, 1, 0, 1, 1, 2, 1, 1, 2, 1, 1, 2, 3, 3, 6, 5, 8, 7, 11, 13, 18, 23, 32, 25, 37, 38, 38, 38, 43, 39, 43, 48, 48, 37, 37, 36, 33, 29, 24, 24, 19, 0, 0, 0, 0, 0, 0, 0, 0, 0, 
ve70vtd17milworkers/ate25atl30apl10/sq90sqg25sqtd10sql7, 0, 15, 0, 0, 2, 3, 2, 3, 2, 2, 2, 1, 2, 1, 1, 1, 1, 1, 1, 1, 1, 2, 2, 3, 3, 4, 6, 6, 11, 12, 16, 15, 20, 22, 34, 32, 33, 36, 40, 39, 38, 37, 38, 38, 28, 28, 29, 21, 20, 18, 17, 0, 0, 0, 0, 0, 0, 0, 0, 0, 
ve70vtd38milworkers/ate25atl30apl10/sq90sqg25sqtd10sql7, 0, 15, 0, 1, 3, 2, 2, 2, 2, 2, 1, 1, 1, 1, 2, 1, 1, 1, 2, 1, 2, 2, 2, 1, 2, 4, 5, 6, 7, 11, 15, 23, 24, 31, 34, 39, 42, 43, 41, 37, 39, 43, 36, 35, 32, 28, 25, 24, 25, 18, 16, 0, 0, 0, 0, 0, 0, 0, 0, 0, 
ve30vtd17active/ate87atl10apl30/sq90sqg25sqtd10sql7, 0, 15, 0, 1, 2, 1, 2, 1, 1, 1, 1, 0, 1, 0, 1, 1, 1, 1, 1, 1, 1, 1, 1, 2, 2, 3, 4, 5, 8, 10, 12, 14, 16, 21, 18, 27, 26, 24, 26, 26, 24, 27, 31, 30, 32, 32, 29, 31, 30, 29, 30, 0, 1, 0, 0, 0, 0, 0, 0, 0, 
ve30vtd38active/ate87atl10apl30/sq90sqg25sqtd10sql7, 0, 15, 0, 0, 1, 2, 1, 2, 2, 0, 0, 1, 1, 1, 1, 1, 1, 1, 1, 1, 1, 1, 1, 2, 3, 3, 4, 5, 9, 14, 14, 19, 17, 26, 33, 31, 37, 40, 38, 38, 40, 50, 37, 35, 34, 31, 27, 28, 26, 21, 18, 0, 0, 0, 0, 0, 0, 0, 0, 0, 
ve70vtd17active/ate87atl10apl30/sq90sqg25sqtd10sql7, 0, 15, 0, 0, 2, 2, 1, 3, 2, 2, 2, 1, 1, 0, 1, 1, 1, 1, 2, 1, 1, 1, 2, 5, 4, 5, 7, 7, 10, 14, 16, 18, 22, 28, 25, 27, 27, 30, 27, 36, 28, 30, 29, 28, 26, 21, 23, 22, 19, 17, 18, 0, 0, 0, 0, 0, 0, 0, 0, 0, 
ve70vtd38active/ate87atl10apl30/sq90sqg25sqtd10sql7, 0, 15, 0, 0, 1, 2, 1, 2, 1, 1, 1, 1, 1, 0, 1, 1, 1, 0, 1, 1, 3, 1, 1, 3, 4, 6, 6, 9, 14, 10, 17, 26, 30, 32, 33, 32, 36, 38, 39, 31, 27, 33, 37, 30, 29, 32, 20, 24, 23, 17, 19, 0, 0, 0, 0, 0, 0, 0, 0, 0, 
ve30vtd17allonpost/ate87atl10apl30/sq90sqg25sqtd10sql7, 0, 15, 0, 0, 1, 2, 1, 2, 1, 0, 2, 0, 1, 1, 0, 1, 0, 1, 1, 1, 1, 1, 1, 2, 2, 5, 7, 6, 10, 14, 18, 22, 25, 31, 36, 37, 40, 39, 39, 43, 37, 42, 38, 38, 31, 36, 27, 29, 25, 22, 20, 0, 0, 0, 0, 0, 0, 0, 0, 0, 
ve30vtd38allonpost/ate87atl10apl30/sq90sqg25sqtd10sql7, 0, 15, 0, 0, 1, 3, 3, 2, 2, 1, 1, 1, 1, 1, 1, 1, 1, 1, 1, 0, 1, 1, 1, 2, 3, 2, 5, 6, 6, 8, 11, 15, 16, 19, 21, 22, 21, 25, 23, 25, 25, 33, 38, 39, 30, 40, 36, 36, 38, 37, 32, 0, 0, 1, 0, 0, 0, 0, 0, 0, 
ve70vtd17allonpost/ate87atl10apl30/sq90sqg25sqtd10sql7, 0, 15, 0, 0, 2, 2, 2, 2, 1, 2, 3, 0, 1, 1, 0, 1, 1, 0, 0, 1, 1, 1, 0, 1, 2, 2, 2, 3, 3, 4, 6, 9, 9, 17, 19, 20, 26, 26, 30, 29, 32, 35, 39, 34, 39, 35, 36, 37, 37, 37, 32, 1, 0, 0, 0, 0, 0, 0, 0, 0, 
ve70vtd38allonpost/ate87atl10apl30/sq90sqg25sqtd10sql7, 0, 15, 0, 1, 2, 1, 2, 1, 1, 2, 1, 0, 1, 1, 1, 0, 1, 1, 1, 0, 2, 0, 2, 2, 3, 2, 4, 6, 8, 11, 15, 19, 25, 28, 33, 30, 35, 45, 37, 33, 36, 44, 37, 39, 38, 42, 31, 32, 29, 27, 27, 0, 0, 0, 0, 0, 0, 0, 0, 0, 
ve30vtd17milworkers/ate87atl10apl30/sq90sqg25sqtd10sql7, 0, 15, 0, 1, 2, 1, 2, 1, 1, 1, 1, 0, 1, 0, 1, 1, 1, 1, 1, 1, 1, 1, 1, 2, 2, 3, 4, 5, 8, 10, 12, 14, 16, 21, 18, 27, 26, 24, 26, 26, 24, 27, 31, 30, 32, 32, 29, 31, 30, 29, 30, 0, 1, 0, 0, 0, 0, 0, 0, 0, 
ve30vtd38milworkers/ate87atl10apl30/sq90sqg25sqtd10sql7, 0, 15, 0, 0, 1, 2, 1, 2, 2, 0, 0, 1, 1, 1, 1, 1, 1, 1, 1, 1, 1, 1, 1, 2, 3, 3, 4, 5, 9, 14, 14, 19, 17, 26, 33, 31, 37, 40, 38, 38, 40, 50, 37, 35, 34, 31, 27, 28, 26, 21, 18, 0, 0, 0, 0, 0, 0, 0, 0, 0, 
ve70vtd17milworkers/ate87atl10apl30/sq90sqg25sqtd10sql7, 0, 15, 0, 0, 2, 2, 1, 3, 2, 2, 2, 1, 1, 0, 1, 1, 1, 1, 2, 1, 1, 1, 2, 5, 4, 5, 7, 7, 10, 14, 16, 18, 22, 28, 25, 27, 27, 30, 27, 36, 28, 30, 29, 28, 26, 21, 23, 22, 19, 17, 18, 0, 0, 0, 0, 0, 0, 0, 0, 0, 
ve70vtd38milworkers/ate87atl10apl30/sq90sqg25sqtd10sql7, 0, 15, 0, 0, 1, 2, 1, 2, 1, 1, 1, 1, 1, 0, 1, 1, 1, 0, 1, 1, 3, 1, 1, 3, 4, 6, 6, 9, 14, 10, 17, 26, 30, 32, 33, 32, 36, 38, 39, 31, 27, 33, 37, 30, 29, 32, 20, 24, 23, 17, 19, 0, 0, 0, 0, 0, 0, 0, 0, 0, 
ve30vtd17active/ate87atl30apl30/sq90sqg25sqtd10sql7, 0, 15, 0, 1, 2, 1, 2, 1, 1, 1, 1, 0, 1, 0, 1, 1, 1, 1, 1, 1, 1, 1, 1, 2, 2, 3, 4, 5, 8, 10, 12, 14, 16, 21, 18, 27, 26, 24, 26, 26, 24, 27, 31, 30, 32, 32, 29, 31, 30, 29, 30, 0, 1, 0, 0, 0, 0, 0, 0, 0, 
ve30vtd38active/ate87atl30apl30/sq90sqg25sqtd10sql7, 0, 15, 0, 0, 1, 2, 1, 2, 2, 0, 0, 1, 1, 1, 1, 1, 1, 1, 1, 1, 1, 1, 1, 2, 3, 3, 4, 5, 9, 14, 14, 19, 17, 26, 33, 31, 37, 40, 38, 38, 40, 50, 37, 35, 34, 31, 27, 28, 26, 21, 18, 0, 0, 0, 0, 0, 0, 0, 0, 0, 
ve70vtd17active/ate87atl30apl30/sq90sqg25sqtd10sql7, 0, 15, 0, 0, 2, 2, 1, 3, 2, 2, 2, 1, 1, 0, 1, 1, 1, 1, 2, 1, 1, 1, 2, 5, 4, 5, 7, 7, 10, 14, 16, 18, 22, 28, 25, 27, 27, 30, 27, 36, 28, 30, 29, 28, 26, 21, 23, 22, 19, 17, 18, 0, 0, 0, 0, 0, 0, 0, 0, 0, 
ve70vtd38active/ate87atl30apl30/sq90sqg25sqtd10sql7, 0, 15, 0, 0, 1, 2, 1, 2, 1, 1, 1, 1, 1, 0, 1, 1, 1, 0, 1, 1, 3, 1, 1, 3, 4, 6, 6, 9, 14, 10, 17, 26, 30, 32, 33, 32, 36, 38, 39, 31, 27, 33, 37, 30, 29, 32, 20, 24, 23, 17, 19, 0, 0, 0, 0, 0, 0, 0, 0, 0, 
ve30vtd17allonpost/ate87atl30apl30/sq90sqg25sqtd10sql7, 0, 15, 0, 0, 1, 2, 1, 2, 1, 0, 2, 0, 1, 1, 0, 1, 0, 1, 1, 1, 1, 1, 1, 2, 2, 5, 7, 6, 10, 14, 18, 22, 25, 31, 36, 37, 40, 39, 39, 43, 37, 42, 38, 38, 31, 36, 27, 29, 25, 22, 20, 0, 0, 0, 0, 0, 0, 0, 0, 0, 
ve30vtd38allonpost/ate87atl30apl30/sq90sqg25sqtd10sql7, 0, 15, 0, 0, 1, 3, 3, 2, 2, 1, 1, 1, 1, 1, 1, 1, 1, 1, 1, 0, 1, 1, 1, 2, 3, 2, 5, 6, 6, 8, 11, 15, 16, 19, 21, 22, 21, 25, 23, 25, 25, 33, 38, 39, 30, 40, 36, 36, 38, 37, 32, 0, 0, 1, 0, 0, 0, 0, 0, 0, 
ve70vtd17allonpost/ate87atl30apl30/sq90sqg25sqtd10sql7, 0, 15, 0, 0, 2, 2, 2, 2, 1, 2, 3, 0, 1, 1, 0, 1, 1, 0, 0, 1, 1, 1, 0, 1, 2, 2, 2, 3, 3, 4, 6, 9, 9, 17, 19, 20, 26, 26, 30, 29, 32, 35, 39, 34, 39, 35, 36, 37, 37, 37, 32, 1, 0, 0, 0, 0, 0, 0, 0, 0, 
ve70vtd38allonpost/ate87atl30apl30/sq90sqg25sqtd10sql7, 0, 15, 0, 1, 2, 1, 2, 1, 1, 2, 1, 0, 1, 1, 1, 0, 1, 1, 1, 0, 2, 0, 2, 2, 3, 2, 4, 6, 8, 11, 15, 19, 25, 28, 33, 30, 35, 45, 37, 33, 36, 44, 37, 39, 38, 42, 31, 32, 29, 27, 27, 0, 0, 0, 0, 0, 0, 0, 0, 0, 
ve30vtd17milworkers/ate87atl30apl30/sq90sqg25sqtd10sql7, 0, 15, 0, 1, 2, 1, 2, 1, 1, 1, 1, 0, 1, 0, 1, 1, 1, 1, 1, 1, 1, 1, 1, 2, 2, 3, 4, 5, 8, 10, 12, 14, 16, 21, 18, 27, 26, 24, 26, 26, 24, 27, 31, 30, 32, 32, 29, 31, 30, 29, 30, 0, 1, 0, 0, 0, 0, 0, 0, 0, 
ve30vtd38milworkers/ate87atl30apl30/sq90sqg25sqtd10sql7, 0, 15, 0, 0, 1, 2, 1, 2, 2, 0, 0, 1, 1, 1, 1, 1, 1, 1, 1, 1, 1, 1, 1, 2, 3, 3, 4, 5, 9, 14, 14, 19, 17, 26, 33, 31, 37, 40, 38, 38, 40, 50, 37, 35, 34, 31, 27, 28, 26, 21, 18, 0, 0, 0, 0, 0, 0, 0, 0, 0, 
ve70vtd17milworkers/ate87atl30apl30/sq90sqg25sqtd10sql7, 0, 15, 0, 0, 2, 2, 1, 3, 2, 2, 2, 1, 1, 0, 1, 1, 1, 1, 2, 1, 1, 1, 2, 5, 4, 5, 7, 7, 10, 14, 16, 18, 22, 28, 25, 27, 27, 30, 27, 36, 28, 30, 29, 28, 26, 21, 23, 22, 19, 17, 18, 0, 0, 0, 0, 0, 0, 0, 0, 0, 
ve70vtd38milworkers/ate87atl30apl30/sq90sqg25sqtd10sql7, 0, 15, 0, 0, 1, 2, 1, 2, 1, 1, 1, 1, 1, 0, 1, 1, 1, 0, 1, 1, 3, 1, 1, 3, 4, 6, 6, 9, 14, 10, 17, 26, 30, 32, 33, 32, 36, 38, 39, 31, 27, 33, 37, 30, 29, 32, 20, 24, 23, 17, 19, 0, 0, 0, 0, 0, 0, 0, 0, 0, 
ve30vtd17active/ate25atl10apl30/sq90sqg25sqtd10sql7, 0, 15, 0, 0, 0, 1, 3, 1, 1, 2, 0, 0, 1, 0, 0, 0, 1, 2, 0, 1, 2, 1, 2, 2, 2, 1, 2, 3, 2, 4, 6, 8, 8, 12, 13, 19, 23, 30, 36, 38, 46, 46, 50, 46, 45, 45, 40, 29, 32, 36, 20, 0, 1, 0, 0, 0, 0, 0, 0, 0, 
ve30vtd38active/ate25atl10apl30/sq90sqg25sqtd10sql7, 0, 15, 0, 1, 2, 2, 3, 2, 2, 2, 2, 1, 1, 2, 1, 1, 1, 2, 1, 1, 2, 1, 2, 4, 4, 6, 8, 12, 15, 16, 18, 26, 33, 33, 39, 35, 40, 41, 45, 34, 38, 37, 41, 37, 30, 27, 28, 23, 20, 19, 14, 1, 0, 0, 0, 0, 0, 0, 0, 0, 
ve70vtd17active/ate25atl10apl30/sq90sqg25sqtd10sql7, 0, 15, 0, 1, 2, 2, 3, 2, 2, 2, 1, 1, 0, 0, 1, 1, 1, 1, 0, 0, 1, 2, 2, 2, 2, 2, 3, 7, 6, 8, 8, 12, 19, 20, 31, 33, 37, 38, 37, 38, 38, 47, 34, 35, 27, 27, 28, 22, 22, 21, 14, 1, 1, 0, 1, 0, 0, 0, 0, 0, 
ve70vtd38active/ate25atl10apl30/sq90sqg25sqtd10sql7, 0, 15, 0, 0, 2, 2, 2, 2, 2, 1, 1, 1, 1, 1, 1, 1, 0, 1, 2, 1, 2, 1, 3, 3, 3, 4, 6, 7, 12, 15, 21, 27, 35, 42, 45, 51, 50, 58, 46, 44, 33, 39, 31, 29, 22, 19, 17, 19, 14, 16, 10, 0, 0, 0, 0, 0, 0, 0, 0, 0, 
ve30vtd17allonpost/ate25atl10apl30/sq90sqg25sqtd10sql7, 0, 15, 0, 1, 1, 2, 2, 2, 1, 2, 1, 2, 2, 1, 1, 2, 2, 2, 1, 1, 2, 2, 2, 2, 1, 4, 10, 13, 13, 15, 23, 27, 30, 33, 39, 41, 48, 54, 49, 44, 50, 50, 44, 34, 36, 31, 27, 24, 25, 19, 17, 0, 0, 0, 0, 0, 0, 0, 0, 0, 
ve30vtd38allonpost/ate25atl10apl30/sq90sqg25sqtd10sql7, 0, 15, 0, 0, 1, 3, 2, 1, 2, 1, 1, 1, 1, 2, 0, 0, 1, 2, 1, 1, 1, 4, 4, 3, 4, 5, 6, 12, 17, 19, 27, 33, 41, 53, 47, 46, 54, 54, 48, 44, 37, 42, 35, 31, 27, 26, 23, 17, 17, 16, 18, 1, 0, 0, 0, 0, 0, 0, 0, 0, 
ve70vtd17allonpost/ate25atl10apl30/sq90sqg25sqtd10sql7, 0, 15, 0, 0, 1, 2, 3, 4, 1, 2, 2, 0, 0, 1, 1, 1, 1, 0, 0, 1, 1, 1, 1, 2, 2, 3, 4, 5, 5, 10, 14, 15, 22, 27, 31, 37, 47, 45, 50, 53, 48, 51, 44, 45, 38, 36, 31, 26, 28, 21, 20, 0, 1, 1, 0, 0, 0, 0, 0, 0, 
ve70vtd38allonpost/ate25atl10apl30/sq90sqg25sqtd10sql7, 0, 15, 0, 1, 1, 2, 3, 1, 1, 1, 1, 1, 1, 1, 2, 1, 2, 1, 2, 1, 1, 2, 2, 4, 3, 5, 6, 7, 13, 12, 17, 23, 19, 26, 40, 40, 40, 43, 47, 39, 52, 50, 49, 40, 39, 36, 35, 28, 27, 24, 20, 0, 0, 0, 0, 0, 0, 0, 0, 0, 
ve30vtd17milworkers/ate25atl10apl30/sq90sqg25sqtd10sql7, 0, 15, 0, 0, 0, 1, 3, 1, 1, 2, 0, 0, 1, 0, 0, 0, 1, 2, 0, 1, 2, 1, 2, 2, 2, 1, 2, 3, 2, 4, 6, 8, 8, 12, 13, 19, 23, 30, 36, 38, 46, 46, 50, 46, 45, 45, 40, 29, 32, 36, 20, 0, 1, 0, 0, 0, 0, 0, 0, 0, 
ve30vtd38milworkers/ate25atl10apl30/sq90sqg25sqtd10sql7, 0, 15, 0, 1, 2, 2, 3, 2, 2, 2, 2, 1, 1, 2, 1, 1, 1, 2, 1, 1, 2, 1, 2, 4, 4, 6, 8, 12, 15, 16, 18, 26, 33, 33, 39, 35, 40, 41, 45, 34, 38, 37, 41, 37, 30, 27, 28, 23, 20, 19, 14, 1, 0, 0, 0, 0, 0, 0, 0, 0, 
ve70vtd17milworkers/ate25atl10apl30/sq90sqg25sqtd10sql7, 0, 15, 0, 1, 2, 2, 3, 2, 2, 2, 1, 1, 0, 0, 1, 1, 1, 1, 0, 0, 1, 2, 2, 2, 2, 2, 3, 7, 6, 8, 8, 12, 19, 20, 31, 33, 37, 38, 37, 38, 38, 47, 34, 35, 27, 27, 28, 22, 22, 21, 14, 1, 1, 0, 1, 0, 0, 0, 0, 0, 
ve70vtd38milworkers/ate25atl10apl30/sq90sqg25sqtd10sql7, 0, 15, 0, 0, 2, 2, 2, 2, 2, 1, 1, 1, 1, 1, 1, 1, 0, 1, 2, 1, 2, 1, 3, 3, 3, 4, 6, 7, 12, 15, 21, 27, 35, 42, 45, 51, 50, 58, 46, 44, 33, 39, 31, 29, 22, 19, 17, 19, 14, 16, 10, 0, 0, 0, 0, 0, 0, 0, 0, 0, 
ve30vtd17active/ate25atl30apl30/sq90sqg25sqtd10sql7, 0, 15, 0, 0, 0, 1, 3, 1, 1, 2, 0, 0, 1, 0, 0, 0, 1, 2, 0, 1, 2, 1, 2, 2, 2, 1, 2, 3, 2, 4, 6, 8, 8, 12, 13, 19, 23, 30, 36, 38, 46, 46, 50, 46, 45, 45, 40, 29, 32, 36, 20, 0, 1, 0, 0, 0, 0, 0, 0, 0, 
ve30vtd38active/ate25atl30apl30/sq90sqg25sqtd10sql7, 0, 15, 0, 1, 2, 2, 3, 2, 2, 2, 2, 1, 1, 2, 1, 1, 1, 2, 1, 1, 2, 1, 2, 4, 4, 6, 8, 12, 15, 16, 18, 26, 33, 33, 39, 35, 40, 41, 45, 34, 38, 37, 41, 37, 30, 27, 28, 23, 20, 19, 14, 1, 0, 0, 0, 0, 0, 0, 0, 0, 
ve70vtd17active/ate25atl30apl30/sq90sqg25sqtd10sql7, 0, 15, 0, 1, 2, 2, 3, 2, 2, 2, 1, 1, 0, 0, 1, 1, 1, 1, 0, 0, 1, 2, 2, 2, 2, 2, 3, 7, 6, 8, 8, 12, 19, 20, 31, 33, 37, 38, 37, 38, 38, 47, 34, 35, 27, 27, 28, 22, 22, 21, 14, 1, 1, 0, 1, 0, 0, 0, 0, 0, 
ve70vtd38active/ate25atl30apl30/sq90sqg25sqtd10sql7, 0, 15, 0, 0, 2, 2, 2, 2, 2, 1, 1, 1, 1, 1, 1, 1, 0, 1, 2, 1, 2, 1, 3, 3, 3, 4, 6, 7, 12, 15, 21, 27, 35, 42, 45, 51, 50, 58, 46, 44, 33, 39, 31, 29, 22, 19, 17, 19, 14, 16, 10, 0, 0, 0, 0, 0, 0, 0, 0, 0, 
ve30vtd17allonpost/ate25atl30apl30/sq90sqg25sqtd10sql7, 0, 15, 0, 1, 1, 2, 2, 2, 1, 2, 1, 2, 2, 1, 1, 2, 2, 2, 1, 1, 2, 2, 2, 2, 1, 4, 10, 13, 13, 15, 23, 27, 30, 33, 39, 41, 48, 54, 49, 44, 50, 50, 44, 34, 36, 31, 27, 24, 25, 19, 17, 0, 0, 0, 0, 0, 0, 0, 0, 0, 
ve30vtd38allonpost/ate25atl30apl30/sq90sqg25sqtd10sql7, 0, 15, 0, 0, 1, 3, 2, 1, 2, 1, 1, 1, 1, 2, 0, 0, 1, 2, 1, 1, 1, 4, 4, 3, 4, 5, 6, 12, 17, 19, 27, 33, 41, 53, 47, 46, 54, 54, 48, 44, 37, 42, 35, 31, 27, 26, 23, 17, 17, 16, 18, 1, 0, 0, 0, 0, 0, 0, 0, 0, 
ve70vtd17allonpost/ate25atl30apl30/sq90sqg25sqtd10sql7, 0, 15, 0, 0, 1, 2, 3, 4, 1, 2, 2, 0, 0, 1, 1, 1, 1, 0, 0, 1, 1, 1, 1, 2, 2, 3, 4, 5, 5, 10, 14, 15, 22, 27, 31, 37, 47, 45, 50, 53, 48, 51, 44, 45, 38, 36, 31, 26, 28, 21, 20, 0, 1, 1, 0, 0, 0, 0, 0, 0, 
ve70vtd38allonpost/ate25atl30apl30/sq90sqg25sqtd10sql7, 0, 15, 0, 1, 1, 2, 3, 1, 1, 1, 1, 1, 1, 1, 2, 1, 2, 1, 2, 1, 1, 2, 2, 4, 3, 5, 6, 7, 13, 12, 17, 23, 19, 26, 40, 40, 40, 43, 47, 39, 52, 50, 49, 40, 39, 36, 35, 28, 27, 24, 20, 0, 0, 0, 0, 0, 0, 0, 0, 0, 
ve30vtd17milworkers/ate25atl30apl30/sq90sqg25sqtd10sql7, 0, 15, 0, 0, 0, 1, 3, 1, 1, 2, 0, 0, 1, 0, 0, 0, 1, 2, 0, 1, 2, 1, 2, 2, 2, 1, 2, 3, 2, 4, 6, 8, 8, 12, 13, 19, 23, 30, 36, 38, 46, 46, 50, 46, 45, 45, 40, 29, 32, 36, 20, 0, 1, 0, 0, 0, 0, 0, 0, 0, 
ve30vtd38milworkers/ate25atl30apl30/sq90sqg25sqtd10sql7, 0, 15, 0, 1, 2, 2, 3, 2, 2, 2, 2, 1, 1, 2, 1, 1, 1, 2, 1, 1, 2, 1, 2, 4, 4, 6, 8, 12, 15, 16, 18, 26, 33, 33, 39, 35, 40, 41, 45, 34, 38, 37, 41, 37, 30, 27, 28, 23, 20, 19, 14, 1, 0, 0, 0, 0, 0, 0, 0, 0, 
ve70vtd17milworkers/ate25atl30apl30/sq90sqg25sqtd10sql7, 0, 15, 0, 1, 2, 2, 3, 2, 2, 2, 1, 1, 0, 0, 1, 1, 1, 1, 0, 0, 1, 2, 2, 2, 2, 2, 3, 7, 6, 8, 8, 12, 19, 20, 31, 33, 37, 38, 37, 38, 38, 47, 34, 35, 27, 27, 28, 22, 22, 21, 14, 1, 1, 0, 1, 0, 0, 0, 0, 0, 
ve70vtd38milworkers/ate25atl30apl30/sq90sqg25sqtd10sql7, 0, 15, 0, 0, 2, 2, 2, 2, 2, 1, 1, 1, 1, 1, 1, 1, 0, 1, 2, 1, 2, 1, 3, 3, 3, 4, 6, 7, 12, 15, 21, 27, 35, 42, 45, 51, 50, 58, 46, 44, 33, 39, 31, 29, 22, 19, 17, 19, 14, 16, 10, 0, 0, 0, 0, 0, 0, 0, 0, 0, 
ve30vtd17active/ate87atl10apl10/sq90sqg25sqtd10sql28, 0, 15, 0, 0, 0, 2, 1, 2, 1, 0, 1, 1, 1, 0, 1, 1, 1, 0, 1, 1, 1, 1, 1, 2, 3, 4, 6, 7, 11, 13, 17, 22, 19, 31, 27, 25, 30, 30, 27, 31, 29, 30, 29, 29, 32, 23, 25, 26, 28, 22, 17, 0, 0, 0, 0, 0, 0, 0, 0, 0, 
ve30vtd38active/ate87atl10apl10/sq90sqg25sqtd10sql28, 0, 15, 0, 1, 1, 1, 2, 2, 1, 1, 1, 1, 1, 1, 0, 2, 1, 1, 0, 1, 2, 3, 1, 3, 4, 3, 7, 10, 9, 10, 19, 16, 20, 24, 18, 22, 21, 20, 18, 22, 29, 27, 24, 32, 34, 37, 38, 36, 30, 34, 29, 0, 0, 1, 0, 0, 0, 0, 0, 0, 
ve70vtd17active/ate87atl10apl10/sq90sqg25sqtd10sql28, 0, 15, 0, 1, 1, 2, 3, 2, 1, 2, 3, 0, 1, 1, 1, 1, 1, 1, 1, 1, 1, 2, 2, 2, 2, 3, 4, 4, 7, 8, 9, 13, 12, 18, 15, 17, 20, 25, 21, 25, 28, 30, 29, 29, 31, 25, 27, 30, 23, 23, 20, 0, 0, 0, 0, 0, 0, 0, 0, 0, 
ve70vtd38active/ate87atl10apl10/sq90sqg25sqtd10sql28, 0, 15, 0, 0, 1, 3, 1, 2, 2, 1, 2, 1, 1, 1, 1, 1, 1, 1, 1, 0, 1, 2, 1, 3, 4, 4, 6, 11, 13, 15, 20, 20, 23, 25, 23, 22, 23, 25, 20, 23, 24, 22, 20, 19, 24, 22, 19, 19, 17, 14, 11, 0, 0, 0, 0, 0, 0, 0, 0, 0, 
ve30vtd17allonpost/ate87atl10apl10/sq90sqg25sqtd10sql28, 0, 15, 0, 1, 1, 2, 2, 1, 0, 2, 1, 1, 1, 1, 0, 1, 1, 1, 0, 0, 1, 0, 1, 1, 1, 1, 2, 3, 5, 8, 9, 12, 17, 22, 25, 28, 36, 37, 40, 47, 42, 50, 44, 46, 40, 37, 36, 30, 30, 24, 25, 0, 0, 0, 0, 0, 0, 0, 0, 0, 
ve30vtd38allonpost/ate87atl10apl10/sq90sqg25sqtd10sql28, 0, 15, 0, 0, 1, 1, 1, 2, 1, 1, 2, 0, 0, 1, 0, 1, 1, 1, 1, 0, 1, 1, 0, 1, 3, 3, 4, 6, 9, 9, 12, 17, 23, 29, 34, 35, 45, 39, 45, 47, 48, 41, 39, 40, 37, 33, 30, 26, 27, 22, 17, 0, 0, 0, 0, 0, 0, 0, 0, 0, 
ve70vtd17allonpost/ate87atl10apl10/sq90sqg25sqtd10sql28, 0, 15, 0, 0, 1, 1, 1, 2, 1, 1, 1, 1, 1, 1, 1, 1, 1, 1, 1, 0, 0, 1, 1, 2, 2, 3, 3, 5, 7, 9, 9, 15, 18, 20, 30, 28, 37, 34, 37, 42, 40, 42, 45, 41, 43, 38, 37, 32, 31, 32, 26, 0, 0, 0, 0, 0, 0, 0, 0, 0, 
ve70vtd38allonpost/ate87atl10apl10/sq90sqg25sqtd10sql28, 0, 15, 0, 1, 1, 1, 2, 2, 2, 1, 1, 1, 1, 0, 1, 1, 1, 0, 1, 0, 1, 1, 1, 2, 2, 3, 3, 6, 7, 7, 15, 16, 23, 21, 31, 27, 38, 37, 36, 47, 45, 45, 50, 45, 40, 39, 34, 29, 35, 27, 21, 0, 1, 0, 0, 0, 0, 0, 0, 0, 
ve30vtd17milworkers/ate87atl10apl10/sq90sqg25sqtd10sql28, 0, 15, 0, 0, 0, 2, 1, 2, 1, 0, 1, 1, 1, 0, 1, 1, 1, 0, 1, 1, 1, 1, 1, 2, 3, 4, 6, 7, 11, 13, 17, 22, 19, 31, 27, 25, 30, 30, 27, 31, 29, 30, 29, 29, 32, 23, 25, 26, 28, 22, 17, 0, 0, 0, 0, 0, 0, 0, 0, 0, 
ve30vtd38milworkers/ate87atl10apl10/sq90sqg25sqtd10sql28, 0, 15, 0, 1, 1, 1, 2, 2, 1, 1, 1, 1, 1, 1, 0, 2, 1, 1, 0, 1, 2, 3, 1, 3, 4, 3, 7, 10, 9, 10, 19, 16, 20, 24, 18, 22, 21, 20, 18, 22, 29, 27, 24, 32, 34, 37, 38, 36, 30, 34, 29, 0, 0, 1, 0, 0, 0, 0, 0, 0, 
ve70vtd17milworkers/ate87atl10apl10/sq90sqg25sqtd10sql28, 0, 15, 0, 1, 1, 2, 3, 2, 1, 2, 3, 0, 1, 1, 1, 1, 1, 1, 1, 1, 1, 2, 2, 2, 2, 3, 4, 4, 7, 8, 9, 13, 12, 18, 15, 17, 20, 25, 21, 25, 28, 30, 29, 29, 31, 25, 27, 30, 23, 23, 20, 0, 0, 0, 0, 0, 0, 0, 0, 0, 
ve70vtd38milworkers/ate87atl10apl10/sq90sqg25sqtd10sql28, 0, 15, 0, 0, 1, 3, 1, 2, 2, 1, 2, 1, 1, 1, 1, 1, 1, 1, 1, 0, 1, 2, 1, 3, 4, 4, 6, 11, 13, 15, 20, 20, 23, 25, 23, 22, 23, 25, 20, 23, 24, 22, 20, 19, 24, 22, 19, 19, 17, 14, 11, 0, 0, 0, 0, 0, 0, 0, 0, 0, 
ve30vtd17active/ate87atl30apl10/sq90sqg25sqtd10sql28, 0, 15, 0, 0, 0, 2, 1, 2, 1, 0, 1, 1, 1, 0, 1, 1, 1, 0, 1, 1, 1, 1, 1, 2, 3, 4, 6, 7, 11, 13, 17, 22, 19, 31, 27, 25, 30, 30, 27, 31, 29, 30, 29, 29, 32, 23, 25, 26, 28, 22, 17, 0, 0, 0, 0, 0, 0, 0, 0, 0, 
ve30vtd38active/ate87atl30apl10/sq90sqg25sqtd10sql28, 0, 15, 0, 1, 1, 1, 2, 2, 1, 1, 1, 1, 1, 1, 0, 2, 1, 1, 0, 1, 2, 3, 1, 3, 4, 3, 7, 10, 9, 10, 19, 16, 20, 24, 18, 22, 21, 20, 18, 22, 29, 27, 24, 32, 34, 37, 38, 36, 30, 34, 29, 0, 0, 1, 0, 0, 0, 0, 0, 0, 
ve70vtd17active/ate87atl30apl10/sq90sqg25sqtd10sql28, 0, 15, 0, 1, 1, 2, 3, 2, 1, 2, 3, 0, 1, 1, 1, 1, 1, 1, 1, 1, 1, 2, 2, 2, 2, 3, 4, 4, 7, 8, 9, 13, 12, 18, 15, 17, 20, 25, 21, 25, 28, 30, 29, 29, 31, 25, 27, 30, 23, 23, 20, 0, 0, 0, 0, 0, 0, 0, 0, 0, 
ve70vtd38active/ate87atl30apl10/sq90sqg25sqtd10sql28, 0, 15, 0, 0, 1, 3, 1, 2, 2, 1, 2, 1, 1, 1, 1, 1, 1, 1, 1, 0, 1, 2, 1, 3, 4, 4, 6, 11, 13, 15, 20, 20, 23, 25, 23, 22, 23, 25, 20, 23, 24, 22, 20, 19, 24, 22, 19, 19, 17, 14, 11, 0, 0, 0, 0, 0, 0, 0, 0, 0, 
ve30vtd17allonpost/ate87atl30apl10/sq90sqg25sqtd10sql28, 0, 15, 0, 1, 1, 2, 2, 1, 0, 2, 1, 1, 1, 1, 0, 1, 1, 1, 0, 0, 1, 0, 1, 1, 1, 1, 2, 3, 5, 8, 9, 12, 17, 22, 25, 28, 36, 37, 40, 47, 42, 50, 44, 46, 40, 37, 36, 30, 30, 24, 25, 0, 0, 0, 0, 0, 0, 0, 0, 0, 
ve30vtd38allonpost/ate87atl30apl10/sq90sqg25sqtd10sql28, 0, 15, 0, 0, 1, 1, 1, 2, 1, 1, 2, 0, 0, 1, 0, 1, 1, 1, 1, 0, 1, 1, 0, 1, 3, 3, 4, 6, 9, 9, 12, 17, 23, 29, 34, 35, 45, 39, 45, 47, 48, 41, 39, 40, 37, 33, 30, 26, 27, 22, 17, 0, 0, 0, 0, 0, 0, 0, 0, 0, 
ve70vtd17allonpost/ate87atl30apl10/sq90sqg25sqtd10sql28, 0, 15, 0, 0, 1, 1, 1, 2, 1, 1, 1, 1, 1, 1, 1, 1, 1, 1, 1, 0, 0, 1, 1, 2, 2, 3, 3, 5, 7, 9, 9, 15, 18, 20, 30, 28, 37, 34, 37, 42, 40, 42, 45, 41, 43, 38, 37, 32, 31, 32, 26, 0, 0, 0, 0, 0, 0, 0, 0, 0, 
ve70vtd38allonpost/ate87atl30apl10/sq90sqg25sqtd10sql28, 0, 15, 0, 1, 1, 1, 2, 2, 2, 1, 1, 1, 1, 0, 1, 1, 1, 0, 1, 0, 1, 1, 1, 2, 2, 3, 3, 6, 7, 7, 15, 16, 23, 21, 31, 27, 38, 37, 36, 47, 45, 45, 50, 45, 40, 39, 34, 29, 35, 27, 21, 0, 1, 0, 0, 0, 0, 0, 0, 0, 
ve30vtd17milworkers/ate87atl30apl10/sq90sqg25sqtd10sql28, 0, 15, 0, 0, 0, 2, 1, 2, 1, 0, 1, 1, 1, 0, 1, 1, 1, 0, 1, 1, 1, 1, 1, 2, 3, 4, 6, 7, 11, 13, 17, 22, 19, 31, 27, 25, 30, 30, 27, 31, 29, 30, 29, 29, 32, 23, 25, 26, 28, 22, 17, 0, 0, 0, 0, 0, 0, 0, 0, 0, 
ve30vtd38milworkers/ate87atl30apl10/sq90sqg25sqtd10sql28, 0, 15, 0, 1, 1, 1, 2, 2, 1, 1, 1, 1, 1, 1, 0, 2, 1, 1, 0, 1, 2, 3, 1, 3, 4, 3, 7, 10, 9, 10, 19, 16, 20, 24, 18, 22, 21, 20, 18, 22, 29, 27, 24, 32, 34, 37, 38, 36, 30, 34, 29, 0, 0, 1, 0, 0, 0, 0, 0, 0, 
ve70vtd17milworkers/ate87atl30apl10/sq90sqg25sqtd10sql28, 0, 15, 0, 1, 1, 2, 3, 2, 1, 2, 3, 0, 1, 1, 1, 1, 1, 1, 1, 1, 1, 2, 2, 2, 2, 3, 4, 4, 7, 8, 9, 13, 12, 18, 15, 17, 20, 25, 21, 25, 28, 30, 29, 29, 31, 25, 27, 30, 23, 23, 20, 0, 0, 0, 0, 0, 0, 0, 0, 0, 
ve70vtd38milworkers/ate87atl30apl10/sq90sqg25sqtd10sql28, 0, 15, 0, 0, 1, 3, 1, 2, 2, 1, 2, 1, 1, 1, 1, 1, 1, 1, 1, 0, 1, 2, 1, 3, 4, 4, 6, 11, 13, 15, 20, 20, 23, 25, 23, 22, 23, 25, 20, 23, 24, 22, 20, 19, 24, 22, 19, 19, 17, 14, 11, 0, 0, 0, 0, 0, 0, 0, 0, 0, 
ve30vtd17active/ate25atl10apl10/sq90sqg25sqtd10sql28, 0, 15, 0, 0, 2, 2, 2, 2, 2, 2, 2, 1, 2, 1, 1, 2, 2, 1, 2, 1, 1, 3, 3, 2, 5, 4, 8, 8, 13, 13, 21, 26, 26, 35, 31, 39, 29, 33, 35, 40, 32, 39, 29, 29, 29, 34, 22, 22, 22, 17, 14, 1, 0, 0, 0, 0, 0, 0, 0, 0, 
ve30vtd38active/ate25atl10apl10/sq90sqg25sqtd10sql28, 0, 15, 0, 1, 1, 1, 2, 1, 2, 2, 1, 1, 1, 2, 1, 1, 1, 1, 2, 1, 1, 2, 3, 2, 3, 3, 6, 6, 12, 18, 18, 19, 19, 26, 25, 30, 29, 24, 27, 30, 27, 28, 30, 25, 26, 19, 19, 23, 27, 20, 20, 1, 0, 0, 0, 0, 0, 0, 0, 0, 
ve70vtd17active/ate25atl10apl10/sq90sqg25sqtd10sql28, 0, 15, 0, 1, 2, 1, 2, 2, 2, 0, 2, 1, 2, 2, 1, 2, 1, 0, 1, 2, 1, 1, 1, 2, 2, 3, 2, 6, 7, 8, 15, 15, 15, 19, 29, 25, 27, 28, 29, 38, 35, 34, 34, 31, 34, 27, 27, 24, 20, 20, 18, 0, 0, 0, 0, 0, 0, 0, 0, 0, 
ve70vtd38active/ate25atl10apl10/sq90sqg25sqtd10sql28, 0, 15, 0, 0, 1, 2, 2, 2, 1, 1, 2, 1, 1, 1, 2, 0, 1, 1, 1, 1, 1, 2, 2, 4, 5, 5, 8, 10, 13, 14, 19, 29, 30, 34, 39, 49, 47, 46, 49, 41, 37, 40, 28, 28, 24, 18, 24, 16, 14, 13, 0, 0, 0, 0, 0, 0, 0, 0, 0, 0, 
ve30vtd17allonpost/ate25atl10apl10/sq90sqg25sqtd10sql28, 0, 15, 0, 0, 1, 2, 2, 1, 1, 1, 1, 1, 1, 1, 1, 1, 1, 2, 1, 1, 2, 2, 3, 3, 3, 5, 8, 11, 13, 19, 22, 26, 31, 38, 39, 44, 43, 41, 47, 49, 47, 35, 32, 29, 32, 25, 26, 17, 20, 17, 17, 1, 1, 0, 0, 0, 0, 0, 0, 0, 
ve30vtd38allonpost/ate25atl10apl10/sq90sqg25sqtd10sql28, 0, 15, 0, 0, 1, 3, 1, 2, 2, 1, 1, 1, 1, 1, 0, 0, 1, 0, 1, 1, 1, 1, 1, 1, 1, 5, 4, 7, 6, 14, 19, 20, 29, 34, 32, 38, 38, 38, 36, 36, 37, 33, 33, 28, 29, 29, 24, 27, 30, 27, 26, 0, 0, 0, 0, 0, 0, 0, 0, 0, 
ve70vtd17allonpost/ate25atl10apl10/sq90sqg25sqtd10sql28, 0, 15, 0, 0, 2, 2, 2, 2, 2, 2, 1, 1, 1, 2, 1, 1, 2, 2, 1, 1, 2, 2, 3, 5, 5, 5, 12, 9, 18, 20, 30, 36, 37, 50, 40, 50, 44, 42, 49, 50, 37, 38, 33, 27, 27, 26, 16, 19, 18, 18, 13, 0, 0, 0, 0, 0, 0, 0, 0, 0, 
ve70vtd38allonpost/ate25atl10apl10/sq90sqg25sqtd10sql28, 0, 15, 0, 0, 1, 2, 2, 2, 1, 1, 2, 1, 2, 2, 1, 1, 3, 2, 2, 2, 2, 3, 3, 5, 8, 8, 13, 16, 17, 26, 37, 45, 42, 53, 47, 51, 48, 46, 42, 40, 38, 33, 27, 28, 29, 22, 17, 17, 19, 17, 0, 0, 0, 0, 0, 0, 0, 0, 0, 0, 
ve30vtd17milworkers/ate25atl10apl10/sq90sqg25sqtd10sql28, 0, 15, 0, 0, 2, 2, 2, 2, 2, 2, 2, 1, 2, 1, 1, 2, 2, 1, 2, 1, 1, 3, 3, 2, 5, 4, 8, 8, 13, 13, 21, 26, 26, 35, 31, 39, 29, 33, 35, 40, 32, 39, 29, 29, 29, 34, 22, 22, 22, 17, 14, 1, 0, 0, 0, 0, 0, 0, 0, 0, 
ve30vtd38milworkers/ate25atl10apl10/sq90sqg25sqtd10sql28, 0, 15, 0, 1, 1, 1, 2, 1, 2, 2, 1, 1, 1, 2, 1, 1, 1, 1, 2, 1, 1, 2, 3, 2, 3, 3, 6, 6, 12, 18, 18, 19, 19, 26, 25, 30, 29, 24, 27, 30, 27, 28, 30, 25, 26, 19, 19, 23, 27, 20, 20, 1, 0, 0, 0, 0, 0, 0, 0, 0, 
ve70vtd17milworkers/ate25atl10apl10/sq90sqg25sqtd10sql28, 0, 15, 0, 1, 2, 1, 2, 2, 2, 0, 2, 1, 2, 2, 1, 2, 1, 0, 1, 2, 1, 1, 1, 2, 2, 3, 2, 6, 7, 8, 15, 15, 15, 19, 29, 25, 27, 28, 29, 38, 35, 34, 34, 31, 34, 27, 27, 24, 20, 20, 18, 0, 0, 0, 0, 0, 0, 0, 0, 0, 
ve70vtd38milworkers/ate25atl10apl10/sq90sqg25sqtd10sql28, 0, 15, 0, 0, 1, 2, 2, 2, 1, 1, 2, 1, 1, 1, 2, 0, 1, 1, 1, 1, 1, 2, 2, 4, 5, 5, 8, 10, 13, 14, 19, 29, 30, 34, 39, 49, 47, 46, 49, 41, 37, 40, 28, 28, 24, 18, 24, 16, 14, 13, 0, 0, 0, 0, 0, 0, 0, 0, 0, 0, 
ve30vtd17active/ate25atl30apl10/sq90sqg25sqtd10sql28, 0, 15, 0, 0, 2, 2, 2, 2, 2, 2, 2, 1, 2, 1, 1, 2, 2, 1, 2, 1, 1, 3, 3, 2, 5, 4, 8, 8, 13, 13, 21, 26, 26, 35, 31, 39, 29, 33, 35, 40, 32, 39, 29, 29, 29, 34, 22, 22, 22, 17, 14, 1, 0, 0, 0, 0, 0, 0, 0, 0, 
ve30vtd38active/ate25atl30apl10/sq90sqg25sqtd10sql28, 0, 15, 0, 1, 1, 1, 2, 1, 2, 2, 1, 1, 1, 2, 1, 1, 1, 1, 2, 1, 1, 2, 3, 2, 3, 3, 6, 6, 12, 18, 18, 19, 19, 26, 25, 30, 29, 24, 27, 30, 27, 28, 30, 25, 26, 19, 19, 23, 27, 20, 20, 1, 0, 0, 0, 0, 0, 0, 0, 0, 
ve70vtd17active/ate25atl30apl10/sq90sqg25sqtd10sql28, 0, 15, 0, 1, 2, 1, 2, 2, 2, 0, 2, 1, 2, 2, 1, 2, 1, 0, 1, 2, 1, 1, 1, 2, 2, 3, 2, 6, 7, 8, 15, 15, 15, 19, 29, 25, 27, 28, 29, 38, 35, 34, 34, 31, 34, 27, 27, 24, 20, 20, 18, 0, 0, 0, 0, 0, 0, 0, 0, 0, 
ve70vtd38active/ate25atl30apl10/sq90sqg25sqtd10sql28, 0, 15, 0, 0, 1, 2, 2, 2, 1, 1, 2, 1, 1, 1, 2, 0, 1, 1, 1, 1, 1, 2, 2, 4, 5, 5, 8, 10, 13, 14, 19, 29, 30, 34, 39, 49, 47, 46, 49, 41, 37, 40, 28, 28, 24, 18, 24, 16, 14, 13, 0, 0, 0, 0, 0, 0, 0, 0, 0, 0, 
ve30vtd17allonpost/ate25atl30apl10/sq90sqg25sqtd10sql28, 0, 15, 0, 0, 1, 2, 2, 1, 1, 1, 1, 1, 1, 1, 1, 1, 1, 2, 1, 1, 2, 2, 3, 3, 3, 5, 8, 11, 13, 19, 22, 26, 31, 38, 39, 44, 43, 41, 47, 49, 47, 35, 32, 29, 32, 25, 26, 17, 20, 17, 17, 1, 1, 0, 0, 0, 0, 0, 0, 0, 
ve30vtd38allonpost/ate25atl30apl10/sq90sqg25sqtd10sql28, 0, 15, 0, 0, 1, 3, 1, 2, 2, 1, 1, 1, 1, 1, 0, 0, 1, 0, 1, 1, 1, 1, 1, 1, 1, 5, 4, 7, 6, 14, 19, 20, 29, 34, 32, 38, 38, 38, 36, 36, 37, 33, 33, 28, 29, 29, 24, 27, 30, 27, 26, 0, 0, 0, 0, 0, 0, 0, 0, 0, 
ve70vtd17allonpost/ate25atl30apl10/sq90sqg25sqtd10sql28, 0, 15, 0, 0, 2, 2, 2, 2, 2, 2, 1, 1, 1, 2, 1, 1, 2, 2, 1, 1, 2, 2, 3, 5, 5, 5, 12, 9, 18, 20, 30, 36, 37, 50, 40, 50, 44, 42, 49, 50, 37, 38, 33, 27, 27, 26, 16, 19, 18, 18, 13, 0, 0, 0, 0, 0, 0, 0, 0, 0, 
ve70vtd38allonpost/ate25atl30apl10/sq90sqg25sqtd10sql28, 0, 15, 0, 0, 1, 2, 2, 2, 1, 1, 2, 1, 2, 2, 1, 1, 3, 2, 2, 2, 2, 3, 3, 5, 8, 8, 13, 16, 17, 26, 37, 45, 42, 53, 47, 51, 48, 46, 42, 40, 38, 33, 27, 28, 29, 22, 17, 17, 19, 17, 0, 0, 0, 0, 0, 0, 0, 0, 0, 0, 
ve30vtd17milworkers/ate25atl30apl10/sq90sqg25sqtd10sql28, 0, 15, 0, 0, 2, 2, 2, 2, 2, 2, 2, 1, 2, 1, 1, 2, 2, 1, 2, 1, 1, 3, 3, 2, 5, 4, 8, 8, 13, 13, 21, 26, 26, 35, 31, 39, 29, 33, 35, 40, 32, 39, 29, 29, 29, 34, 22, 22, 22, 17, 14, 1, 0, 0, 0, 0, 0, 0, 0, 0, 
ve30vtd38milworkers/ate25atl30apl10/sq90sqg25sqtd10sql28, 0, 15, 0, 1, 1, 1, 2, 1, 2, 2, 1, 1, 1, 2, 1, 1, 1, 1, 2, 1, 1, 2, 3, 2, 3, 3, 6, 6, 12, 18, 18, 19, 19, 26, 25, 30, 29, 24, 27, 30, 27, 28, 30, 25, 26, 19, 19, 23, 27, 20, 20, 1, 0, 0, 0, 0, 0, 0, 0, 0, 
ve70vtd17milworkers/ate25atl30apl10/sq90sqg25sqtd10sql28, 0, 15, 0, 1, 2, 1, 2, 2, 2, 0, 2, 1, 2, 2, 1, 2, 1, 0, 1, 2, 1, 1, 1, 2, 2, 3, 2, 6, 7, 8, 15, 15, 15, 19, 29, 25, 27, 28, 29, 38, 35, 34, 34, 31, 34, 27, 27, 24, 20, 20, 18, 0, 0, 0, 0, 0, 0, 0, 0, 0, 
ve70vtd38milworkers/ate25atl30apl10/sq90sqg25sqtd10sql28, 0, 15, 0, 0, 1, 2, 2, 2, 1, 1, 2, 1, 1, 1, 2, 0, 1, 1, 1, 1, 1, 2, 2, 4, 5, 5, 8, 10, 13, 14, 19, 29, 30, 34, 39, 49, 47, 46, 49, 41, 37, 40, 28, 28, 24, 18, 24, 16, 14, 13, 0, 0, 0, 0, 0, 0, 0, 0, 0, 0, 
ve30vtd17active/ate87atl10apl30/sq90sqg25sqtd10sql28, 0, 15, 0, 1, 2, 2, 1, 1, 2, 1, 1, 0, 1, 1, 1, 1, 1, 1, 1, 1, 0, 2, 1, 2, 3, 4, 3, 4, 6, 7, 11, 13, 18, 19, 23, 19, 28, 24, 24, 27, 21, 33, 28, 29, 33, 28, 31, 29, 28, 25, 27, 0, 0, 1, 0, 0, 0, 0, 0, 0, 
ve30vtd38active/ate87atl10apl30/sq90sqg25sqtd10sql28, 0, 15, 0, 0, 1, 3, 1, 2, 1, 1, 1, 1, 0, 2, 1, 2, 0, 1, 1, 1, 1, 1, 2, 3, 4, 5, 4, 6, 10, 12, 16, 18, 20, 23, 30, 29, 32, 34, 28, 30, 32, 34, 32, 38, 30, 28, 30, 23, 24, 18, 0, 0, 0, 0, 0, 0, 0, 0, 0, 0, 
ve70vtd17active/ate87atl10apl30/sq90sqg25sqtd10sql28, 0, 15, 0, 0, 1, 1, 2, 1, 2, 0, 2, 0, 1, 0, 1, 1, 1, 1, 1, 2, 1, 0, 2, 3, 1, 2, 3, 4, 6, 9, 11, 11, 15, 20, 19, 21, 19, 24, 23, 28, 29, 27, 30, 28, 27, 23, 21, 27, 19, 18, 18, 0, 0, 0, 0, 0, 0, 0, 0, 0, 
ve70vtd38active/ate87atl10apl30/sq90sqg25sqtd10sql28, 0, 15, 0, 0, 1, 2, 1, 2, 2, 1, 1, 1, 1, 0, 0, 1, 0, 1, 1, 0, 1, 0, 0, 2, 2, 3, 3, 3, 5, 6, 10, 13, 10, 15, 20, 17, 16, 14, 15, 17, 16, 27, 28, 26, 32, 32, 36, 32, 22, 30, 27, 0, 1, 0, 0, 0, 0, 0, 0, 0, 
ve30vtd17allonpost/ate87atl10apl30/sq90sqg25sqtd10sql28, 0, 15, 0, 1, 1, 3, 1, 2, 2, 2, 1, 1, 0, 0, 1, 0, 1, 1, 0, 0, 1, 2, 1, 1, 2, 1, 3, 4, 6, 6, 10, 11, 15, 20, 24, 27, 31, 29, 36, 34, 39, 44, 44, 45, 34, 37, 34, 37, 29, 28, 24, 0, 0, 0, 0, 0, 0, 0, 0, 0, 
ve30vtd38allonpost/ate87atl10apl30/sq90sqg25sqtd10sql28, 0, 15, 0, 0, 2, 2, 1, 2, 2, 1, 3, 1, 1, 1, 1, 2, 1, 0, 1, 1, 1, 2, 2, 2, 3, 4, 9, 9, 11, 10, 16, 23, 25, 28, 26, 31, 32, 29, 30, 38, 30, 37, 36, 34, 31, 27, 31, 29, 27, 23, 19, 0, 0, 0, 0, 0, 0, 0, 0, 0, 
ve70vtd17allonpost/ate87atl10apl30/sq90sqg25sqtd10sql28, 0, 15, 0, 1, 1, 1, 2, 1, 1, 1, 2, 1, 0, 0, 0, 1, 1, 1, 0, 1, 0, 2, 1, 2, 3, 2, 5, 5, 9, 11, 12, 16, 16, 25, 28, 26, 26, 34, 26, 30, 35, 35, 40, 34, 37, 35, 38, 32, 30, 27, 25, 0, 1, 0, 0, 0, 0, 0, 0, 0, 
ve70vtd38allonpost/ate87atl10apl30/sq90sqg25sqtd10sql28, 0, 15, 0, 0, 1, 2, 1, 2, 2, 1, 1, 1, 0, 1, 1, 1, 1, 2, 1, 0, 2, 2, 3, 2, 4, 4, 5, 8, 10, 14, 16, 15, 23, 25, 21, 23, 20, 26, 22, 21, 22, 25, 23, 21, 25, 25, 22, 23, 24, 24, 20, 0, 0, 0, 0, 0, 0, 0, 0, 0, 
ve30vtd17milworkers/ate87atl10apl30/sq90sqg25sqtd10sql28, 0, 15, 0, 1, 2, 2, 1, 1, 2, 1, 1, 0, 1, 1, 1, 1, 1, 1, 1, 1, 0, 2, 1, 2, 3, 4, 3, 4, 6, 7, 11, 13, 18, 19, 23, 19, 28, 24, 24, 27, 21, 33, 28, 29, 33, 28, 31, 29, 28, 25, 27, 0, 0, 1, 0, 0, 0, 0, 0, 0, 
ve30vtd38milworkers/ate87atl10apl30/sq90sqg25sqtd10sql28, 0, 15, 0, 0, 1, 3, 1, 2, 1, 1, 1, 1, 0, 2, 1, 2, 0, 1, 1, 1, 1, 1, 2, 3, 4, 5, 4, 6, 10, 12, 16, 18, 20, 23, 30, 29, 32, 34, 28, 30, 32, 34, 32, 38, 30, 28, 30, 23, 24, 18, 0, 0, 0, 0, 0, 0, 0, 0, 0, 0, 
ve70vtd17milworkers/ate87atl10apl30/sq90sqg25sqtd10sql28, 0, 15, 0, 0, 1, 1, 2, 1, 2, 0, 2, 0, 1, 0, 1, 1, 1, 1, 1, 2, 1, 0, 2, 3, 1, 2, 3, 4, 6, 9, 11, 11, 15, 20, 19, 21, 19, 24, 23, 28, 29, 27, 30, 28, 27, 23, 21, 27, 19, 18, 18, 0, 0, 0, 0, 0, 0, 0, 0, 0, 
ve70vtd38milworkers/ate87atl10apl30/sq90sqg25sqtd10sql28, 0, 15, 0, 0, 1, 2, 1, 2, 2, 1, 1, 1, 1, 0, 0, 1, 0, 1, 1, 0, 1, 0, 0, 2, 2, 3, 3, 3, 5, 6, 10, 13, 10, 15, 20, 17, 16, 14, 15, 17, 16, 27, 28, 26, 32, 32, 36, 32, 22, 30, 27, 0, 1, 0, 0, 0, 0, 0, 0, 0, 
ve30vtd17active/ate87atl30apl30/sq90sqg25sqtd10sql28, 0, 15, 0, 1, 2, 2, 1, 1, 2, 1, 1, 0, 1, 1, 1, 1, 1, 1, 1, 1, 0, 2, 1, 2, 3, 4, 3, 4, 6, 7, 11, 13, 18, 19, 23, 19, 28, 24, 24, 27, 21, 33, 28, 29, 33, 28, 31, 29, 28, 25, 27, 0, 0, 1, 0, 0, 0, 0, 0, 0, 
ve30vtd38active/ate87atl30apl30/sq90sqg25sqtd10sql28, 0, 15, 0, 0, 1, 3, 1, 2, 1, 1, 1, 1, 0, 2, 1, 2, 0, 1, 1, 1, 1, 1, 2, 3, 4, 5, 4, 6, 10, 12, 16, 18, 20, 23, 30, 29, 32, 34, 28, 30, 32, 34, 32, 38, 30, 28, 30, 23, 24, 18, 0, 0, 0, 0, 0, 0, 0, 0, 0, 0, 
ve70vtd17active/ate87atl30apl30/sq90sqg25sqtd10sql28, 0, 15, 0, 0, 1, 1, 2, 1, 2, 0, 2, 0, 1, 0, 1, 1, 1, 1, 1, 2, 1, 0, 2, 3, 1, 2, 3, 4, 6, 9, 11, 11, 15, 20, 19, 21, 19, 24, 23, 28, 29, 27, 30, 28, 27, 23, 21, 27, 19, 18, 18, 0, 0, 0, 0, 0, 0, 0, 0, 0, 
ve70vtd38active/ate87atl30apl30/sq90sqg25sqtd10sql28, 0, 15, 0, 0, 1, 2, 1, 2, 2, 1, 1, 1, 1, 0, 0, 1, 0, 1, 1, 0, 1, 0, 0, 2, 2, 3, 3, 3, 5, 6, 10, 13, 10, 15, 20, 17, 16, 14, 15, 17, 16, 27, 28, 26, 32, 32, 36, 32, 22, 30, 27, 0, 1, 0, 0, 0, 0, 0, 0, 0, 
ve30vtd17allonpost/ate87atl30apl30/sq90sqg25sqtd10sql28, 0, 15, 0, 1, 1, 3, 1, 2, 2, 2, 1, 1, 0, 0, 1, 0, 1, 1, 0, 0, 1, 2, 1, 1, 2, 1, 3, 4, 6, 6, 10, 11, 15, 20, 24, 27, 31, 29, 36, 34, 39, 44, 44, 45, 34, 37, 34, 37, 29, 28, 24, 0, 0, 0, 0, 0, 0, 0, 0, 0, 
ve30vtd38allonpost/ate87atl30apl30/sq90sqg25sqtd10sql28, 0, 15, 0, 0, 2, 2, 1, 2, 2, 1, 3, 1, 1, 1, 1, 2, 1, 0, 1, 1, 1, 2, 2, 2, 3, 4, 9, 9, 11, 10, 16, 23, 25, 28, 26, 31, 32, 29, 30, 38, 30, 37, 36, 34, 31, 27, 31, 29, 27, 23, 19, 0, 0, 0, 0, 0, 0, 0, 0, 0, 
ve70vtd17allonpost/ate87atl30apl30/sq90sqg25sqtd10sql28, 0, 15, 0, 1, 1, 1, 2, 1, 1, 1, 2, 1, 0, 0, 0, 1, 1, 1, 0, 1, 0, 2, 1, 2, 3, 2, 5, 5, 9, 11, 12, 16, 16, 25, 28, 26, 26, 34, 26, 30, 35, 35, 40, 34, 37, 35, 38, 32, 30, 27, 25, 0, 1, 0, 0, 0, 0, 0, 0, 0, 
ve70vtd38allonpost/ate87atl30apl30/sq90sqg25sqtd10sql28, 0, 15, 0, 0, 1, 2, 1, 2, 2, 1, 1, 1, 0, 1, 1, 1, 1, 2, 1, 0, 2, 2, 3, 2, 4, 4, 5, 8, 10, 14, 16, 15, 23, 25, 21, 23, 20, 26, 22, 21, 22, 25, 23, 21, 25, 25, 22, 23, 24, 24, 20, 0, 0, 0, 0, 0, 0, 0, 0, 0, 
ve30vtd17milworkers/ate87atl30apl30/sq90sqg25sqtd10sql28, 0, 15, 0, 1, 2, 2, 1, 1, 2, 1, 1, 0, 1, 1, 1, 1, 1, 1, 1, 1, 0, 2, 1, 2, 3, 4, 3, 4, 6, 7, 11, 13, 18, 19, 23, 19, 28, 24, 24, 27, 21, 33, 28, 29, 33, 28, 31, 29, 28, 25, 27, 0, 0, 1, 0, 0, 0, 0, 0, 0, 
ve30vtd38milworkers/ate87atl30apl30/sq90sqg25sqtd10sql28, 0, 15, 0, 0, 1, 3, 1, 2, 1, 1, 1, 1, 0, 2, 1, 2, 0, 1, 1, 1, 1, 1, 2, 3, 4, 5, 4, 6, 10, 12, 16, 18, 20, 23, 30, 29, 32, 34, 28, 30, 32, 34, 32, 38, 30, 28, 30, 23, 24, 18, 0, 0, 0, 0, 0, 0, 0, 0, 0, 0, 
ve70vtd17milworkers/ate87atl30apl30/sq90sqg25sqtd10sql28, 0, 15, 0, 0, 1, 1, 2, 1, 2, 0, 2, 0, 1, 0, 1, 1, 1, 1, 1, 2, 1, 0, 2, 3, 1, 2, 3, 4, 6, 9, 11, 11, 15, 20, 19, 21, 19, 24, 23, 28, 29, 27, 30, 28, 27, 23, 21, 27, 19, 18, 18, 0, 0, 0, 0, 0, 0, 0, 0, 0, 
ve70vtd38milworkers/ate87atl30apl30/sq90sqg25sqtd10sql28, 0, 15, 0, 0, 1, 2, 1, 2, 2, 1, 1, 1, 1, 0, 0, 1, 0, 1, 1, 0, 1, 0, 0, 2, 2, 3, 3, 3, 5, 6, 10, 13, 10, 15, 20, 17, 16, 14, 15, 17, 16, 27, 28, 26, 32, 32, 36, 32, 22, 30, 27, 0, 1, 0, 0, 0, 0, 0, 0, 0, 
ve30vtd17active/ate25atl10apl30/sq90sqg25sqtd10sql28, 0, 15, 0, 1, 1, 1, 2, 3, 2, 1, 2, 1, 1, 0, 0, 0, 1, 1, 0, 0, 0, 1, 2, 1, 3, 2, 4, 6, 8, 11, 14, 17, 25, 24, 28, 25, 36, 37, 35, 35, 39, 41, 34, 34, 34, 34, 31, 25, 23, 25, 0, 0, 0, 0, 0, 0, 0, 0, 0, 0, 
ve30vtd38active/ate25atl10apl30/sq90sqg25sqtd10sql28, 0, 15, 0, 0, 1, 2, 1, 1, 1, 0, 1, 1, 0, 0, 1, 1, 1, 1, 1, 0, 1, 0, 1, 1, 1, 1, 1, 4, 3, 5, 8, 11, 15, 14, 21, 23, 28, 26, 33, 38, 42, 47, 41, 45, 48, 38, 42, 38, 35, 30, 26, 0, 0, 0, 0, 0, 0, 0, 0, 0, 
ve70vtd17active/ate25atl10apl30/sq90sqg25sqtd10sql28, 0, 15, 0, 0, 2, 1, 2, 2, 2, 0, 1, 1, 2, 1, 1, 2, 1, 1, 2, 2, 1, 0, 2, 1, 2, 4, 1, 6, 4, 6, 10, 13, 14, 21, 22, 25, 27, 32, 28, 36, 36, 35, 34, 38, 28, 23, 27, 21, 17, 15, 15, 0, 0, 0, 0, 0, 0, 0, 0, 0, 
ve70vtd38active/ate25atl10apl30/sq90sqg25sqtd10sql28, 0, 15, 0, 0, 1, 2, 1, 1, 2, 1, 1, 1, 1, 1, 1, 0, 1, 1, 2, 1, 2, 1, 2, 3, 3, 5, 7, 11, 15, 16, 20, 26, 29, 33, 38, 46, 42, 43, 44, 34, 33, 36, 30, 23, 27, 19, 19, 16, 12, 11, 0, 0, 0, 0, 0, 0, 0, 0, 0, 0, 
ve30vtd17allonpost/ate25atl10apl30/sq90sqg25sqtd10sql28, 0, 15, 0, 0, 2, 1, 2, 2, 1, 2, 1, 1, 1, 1, 1, 0, 1, 1, 1, 2, 1, 2, 3, 3, 2, 4, 8, 5, 8, 11, 17, 27, 27, 31, 36, 41, 44, 46, 33, 46, 43, 40, 36, 33, 34, 29, 25, 20, 23, 18, 18, 0, 0, 0, 0, 0, 0, 0, 0, 0, 
ve30vtd38allonpost/ate25atl10apl30/sq90sqg25sqtd10sql28, 0, 15, 0, 0, 2, 1, 4, 1, 2, 2, 1, 1, 2, 1, 1, 0, 1, 1, 2, 2, 2, 3, 2, 2, 5, 6, 9, 13, 11, 16, 22, 26, 33, 32, 36, 33, 42, 39, 33, 35, 33, 37, 30, 27, 29, 24, 25, 23, 17, 20, 16, 0, 0, 0, 0, 0, 0, 0, 0, 0, 
ve70vtd17allonpost/ate25atl10apl30/sq90sqg25sqtd10sql28, 0, 15, 0, 1, 1, 2, 3, 2, 2, 0, 1, 1, 1, 1, 1, 2, 1, 0, 1, 1, 1, 2, 2, 2, 3, 4, 8, 4, 7, 14, 15, 20, 25, 31, 41, 43, 45, 43, 42, 54, 45, 41, 37, 34, 31, 31, 24, 22, 22, 25, 14, 1, 0, 0, 0, 0, 0, 0, 0, 0, 
ve70vtd38allonpost/ate25atl10apl30/sq90sqg25sqtd10sql28, 0, 15, 0, 0, 1, 2, 3, 1, 3, 2, 2, 1, 1, 2, 1, 1, 2, 2, 2, 2, 2, 3, 2, 3, 4, 5, 8, 11, 10, 15, 21, 26, 28, 34, 41, 37, 39, 35, 41, 42, 38, 44, 38, 28, 33, 29, 26, 24, 21, 20, 0, 0, 0, 0, 0, 0, 0, 0, 0, 0, 
ve30vtd17milworkers/ate25atl10apl30/sq90sqg25sqtd10sql28, 0, 15, 0, 1, 1, 1, 2, 3, 2, 1, 2, 1, 1, 0, 0, 0, 1, 1, 0, 0, 0, 1, 2, 1, 3, 2, 4, 6, 8, 11, 14, 17, 25, 24, 28, 25, 36, 37, 35, 35, 39, 41, 34, 34, 34, 34, 31, 25, 23, 25, 0, 0, 0, 0, 0, 0, 0, 0, 0, 0, 
ve30vtd38milworkers/ate25atl10apl30/sq90sqg25sqtd10sql28, 0, 15, 0, 0, 1, 2, 1, 1, 1, 0, 1, 1, 0, 0, 1, 1, 1, 1, 1, 0, 1, 0, 1, 1, 1, 1, 1, 4, 3, 5, 8, 11, 15, 14, 21, 23, 28, 26, 33, 38, 42, 47, 41, 45, 48, 38, 42, 38, 35, 30, 26, 0, 0, 0, 0, 0, 0, 0, 0, 0, 
ve70vtd17milworkers/ate25atl10apl30/sq90sqg25sqtd10sql28, 0, 15, 0, 0, 2, 1, 2, 2, 2, 0, 1, 1, 2, 1, 1, 2, 1, 1, 2, 2, 1, 0, 2, 1, 2, 4, 1, 6, 4, 6, 10, 13, 14, 21, 22, 25, 27, 32, 28, 36, 36, 35, 34, 38, 28, 23, 27, 21, 17, 15, 15, 0, 0, 0, 0, 0, 0, 0, 0, 0, 
ve70vtd38milworkers/ate25atl10apl30/sq90sqg25sqtd10sql28, 0, 15, 0, 0, 1, 2, 1, 1, 2, 1, 1, 1, 1, 1, 1, 0, 1, 1, 2, 1, 2, 1, 2, 3, 3, 5, 7, 11, 15, 16, 20, 26, 29, 33, 38, 46, 42, 43, 44, 34, 33, 36, 30, 23, 27, 19, 19, 16, 12, 11, 0, 0, 0, 0, 0, 0, 0, 0, 0, 0, 
ve30vtd17active/ate25atl30apl30/sq90sqg25sqtd10sql28, 0, 15, 0, 1, 1, 1, 2, 3, 2, 1, 2, 1, 1, 0, 0, 0, 1, 1, 0, 0, 0, 1, 2, 1, 3, 2, 4, 6, 8, 11, 14, 17, 25, 24, 28, 25, 36, 37, 35, 35, 39, 41, 34, 34, 34, 34, 31, 25, 23, 25, 0, 0, 0, 0, 0, 0, 0, 0, 0, 0, 
ve30vtd38active/ate25atl30apl30/sq90sqg25sqtd10sql28, 0, 15, 0, 0, 1, 2, 1, 1, 1, 0, 1, 1, 0, 0, 1, 1, 1, 1, 1, 0, 1, 0, 1, 1, 1, 1, 1, 4, 3, 5, 8, 11, 15, 14, 21, 23, 28, 26, 33, 38, 42, 47, 41, 45, 48, 38, 42, 38, 35, 30, 26, 0, 0, 0, 0, 0, 0, 0, 0, 0, 
ve70vtd17active/ate25atl30apl30/sq90sqg25sqtd10sql28, 0, 15, 0, 0, 2, 1, 2, 2, 2, 0, 1, 1, 2, 1, 1, 2, 1, 1, 2, 2, 1, 0, 2, 1, 2, 4, 1, 6, 4, 6, 10, 13, 14, 21, 22, 25, 27, 32, 28, 36, 36, 35, 34, 38, 28, 23, 27, 21, 17, 15, 15, 0, 0, 0, 0, 0, 0, 0, 0, 0, 
ve70vtd38active/ate25atl30apl30/sq90sqg25sqtd10sql28, 0, 15, 0, 0, 1, 2, 1, 1, 2, 1, 1, 1, 1, 1, 1, 0, 1, 1, 2, 1, 2, 1, 2, 3, 3, 5, 7, 11, 15, 16, 20, 26, 29, 33, 38, 46, 42, 43, 44, 34, 33, 36, 30, 23, 27, 19, 19, 16, 12, 11, 0, 0, 0, 0, 0, 0, 0, 0, 0, 0, 
ve30vtd17allonpost/ate25atl30apl30/sq90sqg25sqtd10sql28, 0, 15, 0, 0, 2, 1, 2, 2, 1, 2, 1, 1, 1, 1, 1, 0, 1, 1, 1, 2, 1, 2, 3, 3, 2, 4, 8, 5, 8, 11, 17, 27, 27, 31, 36, 41, 44, 46, 33, 46, 43, 40, 36, 33, 34, 29, 25, 20, 23, 18, 18, 0, 0, 0, 0, 0, 0, 0, 0, 0, 
ve30vtd38allonpost/ate25atl30apl30/sq90sqg25sqtd10sql28, 0, 15, 0, 0, 2, 1, 4, 1, 2, 2, 1, 1, 2, 1, 1, 0, 1, 1, 2, 2, 2, 3, 2, 2, 5, 6, 9, 13, 11, 16, 22, 26, 33, 32, 36, 33, 42, 39, 33, 35, 33, 37, 30, 27, 29, 24, 25, 23, 17, 20, 16, 0, 0, 0, 0, 0, 0, 0, 0, 0, 
ve70vtd17allonpost/ate25atl30apl30/sq90sqg25sqtd10sql28, 0, 15, 0, 1, 1, 2, 3, 2, 2, 0, 1, 1, 1, 1, 1, 2, 1, 0, 1, 1, 1, 2, 2, 2, 3, 4, 8, 4, 7, 14, 15, 20, 25, 31, 41, 43, 45, 43, 42, 54, 45, 41, 37, 34, 31, 31, 24, 22, 22, 25, 14, 1, 0, 0, 0, 0, 0, 0, 0, 0, 
ve70vtd38allonpost/ate25atl30apl30/sq90sqg25sqtd10sql28, 0, 15, 0, 0, 1, 2, 3, 1, 3, 2, 2, 1, 1, 2, 1, 1, 2, 2, 2, 2, 2, 3, 2, 3, 4, 5, 8, 11, 10, 15, 21, 26, 28, 34, 41, 37, 39, 35, 41, 42, 38, 44, 38, 28, 33, 29, 26, 24, 21, 20, 0, 0, 0, 0, 0, 0, 0, 0, 0, 0, 
ve30vtd17milworkers/ate25atl30apl30/sq90sqg25sqtd10sql28, 0, 15, 0, 1, 1, 1, 2, 3, 2, 1, 2, 1, 1, 0, 0, 0, 1, 1, 0, 0, 0, 1, 2, 1, 3, 2, 4, 6, 8, 11, 14, 17, 25, 24, 28, 25, 36, 37, 35, 35, 39, 41, 34, 34, 34, 34, 31, 25, 23, 25, 0, 0, 0, 0, 0, 0, 0, 0, 0, 0, 
ve30vtd38milworkers/ate25atl30apl30/sq90sqg25sqtd10sql28, 0, 15, 0, 0, 1, 2, 1, 1, 1, 0, 1, 1, 0, 0, 1, 1, 1, 1, 1, 0, 1, 0, 1, 1, 1, 1, 1, 4, 3, 5, 8, 11, 15, 14, 21, 23, 28, 26, 33, 38, 42, 47, 41, 45, 48, 38, 42, 38, 35, 30, 26, 0, 0, 0, 0, 0, 0, 0, 0, 0, 
ve70vtd17milworkers/ate25atl30apl30/sq90sqg25sqtd10sql28, 0, 15, 0, 0, 2, 1, 2, 2, 2, 0, 1, 1, 2, 1, 1, 2, 1, 1, 2, 2, 1, 0, 2, 1, 2, 4, 1, 6, 4, 6, 10, 13, 14, 21, 22, 25, 27, 32, 28, 36, 36, 35, 34, 38, 28, 23, 27, 21, 17, 15, 15, 0, 0, 0, 0, 0, 0, 0, 0, 0, 
ve70vtd38milworkers/ate25atl30apl30/sq90sqg25sqtd10sql28, 0, 15, 0, 0, 1, 2, 1, 1, 2, 1, 1, 1, 1, 1, 1, 0, 1, 1, 2, 1, 2, 1, 2, 3, 3, 5, 7, 11, 15, 16, 20, 26, 29, 33, 38, 46, 42, 43, 44, 34, 33, 36, 30, 23, 27, 19, 19, 16, 12, 11, 0, 0, 0, 0, 0, 0, 0, 0, 0, 0, 
